dzial, srednia_wynagrodzen, 
                mediana_wynagrodzen, dolne_widelki, 
                gorne_widelki
HR, 6760.0,5000.0,4370.0,15400.000000000002
Finanse, 8560.0,7100.0,6365.0,16280.000000000002
IT, 9440.0,8200.0,5890.0,14300.000000000002
Sprzedaz, 9560.0,9800.0,6840.0,12320.000000000002
